Car shelter, ambiguous
airport, time-independent
antivirus comparison, time-independent
free antivirus, time-independent
orange antivirus, time-independent
antivirus smartphone, time-independent
watercolour and paintbrushes, time-independent
arena bordeaux, event
colloidal silver, time-independent
unlicensed car insurance, time-independent
autonomy electric car, time-independent
antivirus avast, time-independent
beaugrenelle, time-independent
beaune, time-independent
Public Employment Exchange, timeliness
gift maitresse, time-independent
capture a video on the Internet, time-independent
carpovirusin, time-independent
cdiscount energie, timeliness
non-resident tax centre, time-independent
energy conservation certificate, time-independent
birdsong, time-independent
chat video, time-independent
chateau cathare, time-independent
energy cheque, timeliness
sky and space, time-independent
comparator car hire, timeliness
pole emploi collective agreement, timeliness
convert video to mp3, time-independent
oil prices, timeliness
Atlantic Canada Opportunities Agency, time-independent
Potato croquette, time-independent
date of declaration of taxes, timeliness
date Second World War, event
earthenware devil, time-independent
elisabeth borne, time-independent
employment in the public service, time-independent
seasonal employment, timeliness
territorial employment, timeliness
energie-info.fr, time-independent
car estimation, time-independent
Exemption property tax, Timeliness
training pole employment, Timeliness
apple cake, time-independent
semolina gateau, time-independent
groupama customer space, time-independent
War of Spain, event
Wars of religion, time-independent
walnut gateau, time-independent
taxes and duties, time-independent
